<?xml version="1.0" encoding="UTF-8"?>
<project-private xmlns="http://www.netbeans.org/ns/project-private/1">
    <editor-bookmarks xmlns="http://www.netbeans.org/ns/editor-bookmarks/2" lastBookmarkId="0"/>
    <open-files xmlns="http://www.netbeans.org/ns/projectui-open-files/1">
        <file>file:/home/heffel/NetBeansProjects/CriteriaAPI/build.xml</file>
        <file>file:/home/heffel/NetBeansProjects/CriteriaAPI/nbproject/build-impl.xml</file>
        <file>file:/home/heffel/NetBeansProjects/CriteriaAPI/nbproject/project.properties</file>
        <file>file:/home/heffel/NetBeansProjects/CriteriaAPI/nbproject/project.xml</file>
    </open-files>
</project-private>
