<?xml version="1.0" encoding="UTF-8"?>
<project-private xmlns="http://www.netbeans.org/ns/project-private/1">
    <editor-bookmarks xmlns="http://www.netbeans.org/ns/editor-bookmarks/2" lastBookmarkId="0"/>
    <open-files xmlns="http://www.netbeans.org/ns/projectui-open-files/1">
        <file>file:/home/heffel/NetBeansProjects/ManagedBeans/src/java/com/packtpub/netbeansjavaee/managedbeans/Customer.java</file>
        <file>file:/home/heffel/NetBeansProjects/ManagedBeans/web/index.xhtml</file>
        <file>file:/home/heffel/NetBeansProjects/ManagedBeans/src/java/com/packtpub/netbeansjavaee/managedbeans/Address.java</file>
        <file>file:/home/heffel/NetBeansProjects/ManagedBeans/web/confirmation.xhtml</file>
        <file>file:/home/heffel/NetBeansProjects/ManagedBeans/src/java/com/packtpub/netbeansjavaee/managedbeans/CustomerController.java</file>
    </open-files>
</project-private>
